Category;Item
CustomLabel;Account_Cann_t_be_Customer
CustomLabel;Accuracy
CustomLabel;Add_to_Campaign
CustomLabel;Aftersales
CustomLabel;And_Criteria
CustomLabel;Assign_Case_To_Dealer_Branch_Name
CustomLabel;Assign_Case_To_Dealer_Button_Go
CustomLabel;Assign_Case_To_Dealer_Dealer_Name
CustomLabel;Assign_Case_To_Dealer_ErrorMsg1
CustomLabel;Assign_Case_To_Dealer_Full_Name
CustomLabel;Assign_Case_To_Dealer_Link_Clear_Search_Results
CustomLabel;Assign_Case_To_Dealer_Profile
CustomLabel;Assign_Case_To_Dealer_Role
CustomLabel;Assign_Case_To_Dealer_User_Name
CustomLabel;Assign_QC
CustomLabel;Button_Approve
CustomLabel;Button_Search
CustomLabel;CL_Cancel
CustomLabel;CL_Collectioner_Notes
CustomLabel;CL_Contact
CustomLabel;CL_Description
CustomLabel;CL_Lead_Additional_Service
CustomLabel;CL_Lead_Desired_Service
CustomLabel;CL_Lead_Record_Type
CustomLabel;CL_Lead_Sub_Type
CustomLabel;CL_Lead_Type
CustomLabel;CL_Member_Name
CustomLabel;CL_Retail_Purchase_Time
CustomLabel;CL_VehicleRel_No
CustomLabel;CP_Merge_Account_Confirm
CustomLabel;CP_No_Search_Result
CustomLabel;CP_No_User_Found
CustomLabel;CP_Please_Wait
CustomLabel;CSR_Lookup_ErrorMsg1
CustomLabel;CSR_Lookup_Open_Task_Qty
CustomLabel;CSR_Lookup_Role
CustomLabel;CSR_Lookup_Select
CustomLabel;CSR_Lookup_Select_CSRs
CustomLabel;CSR_Lookup_User_Name
CustomLabel;CampaignType
CustomLabel;Campaign_Calendar_Page_All_Campaigns
CustomLabel;Campaign_Calendar_Page_All_Campaigns_During_Last_Year
CustomLabel;Campaign_Calendar_Page_All_Campaigns_During_This_Year
CustomLabel;Campaign_Calendar_Page_All_Campaigns_From_Last_Year_On
CustomLabel;Campaign_Calendar_Page_All_Campaigns_From_This_Year_On
CustomLabel;Campaign_Calendar_Page_CAC_CRM_Campaign
CustomLabel;Campaign_Calendar_Page_CAC_CRM_Type
CustomLabel;Campaign_Calendar_Page_CAC_CRM_Type_All
CustomLabel;Campaign_Calendar_Page_CAC_CRM_Type_Auto_Show
CustomLabel;Campaign_Calendar_Page_CAC_CRM_Type_Competitions_and_Sales
CustomLabel;Campaign_Calendar_Page_CAC_CRM_Type_Finance
CustomLabel;Campaign_Calendar_Page_CAC_CRM_Type_Interview
CustomLabel;Campaign_Calendar_Page_CAC_CRM_Type_Loyalty_Program
CustomLabel;Campaign_Calendar_Page_CAC_CRM_Type_New_Car_Launch
CustomLabel;Campaign_Calendar_Page_CAC_CRM_Type_Others
CustomLabel;Campaign_Calendar_Page_CAC_CRM_Type_Product_Issue
CustomLabel;Campaign_Calendar_Page_CAC_CRM_Type_Recall
CustomLabel;Campaign_Calendar_Page_CAC_Campaign
CustomLabel;Campaign_Calendar_Page_CAS_Marketing_Campaign
CustomLabel;Campaign_Calendar_Page_CRM_Acquisition_Program
CustomLabel;Campaign_Calendar_Page_Campaign_Type
CustomLabel;Campaign_Calendar_Page_Category
CustomLabel;Campaign_Calendar_Page_Category_Ad_Hoc
CustomLabel;Campaign_Calendar_Page_Category_All
CustomLabel;Campaign_Calendar_Page_Category_Regular_Continuous
CustomLabel;Campaign_Calendar_Page_Category_Regular_Periodic
CustomLabel;Campaign_Calendar_Page_Central_Marketing_Campaign
CustomLabel;Campaign_Calendar_Page_Duration
CustomLabel;Campaign_Calendar_Page_Overview
CustomLabel;Campaign_Calendar_Page_Title
CustomLabel;Campaign_Calendar_Page_Type
CustomLabel;Campaign_Calendar_Page_Type_All
CustomLabel;Campaign_Calendar_Page_Type_CRM_Acquisition_Program
CustomLabel;Campaign_Calendar_Page_Type_CRM_Loyalty_Program
CustomLabel;Campaign_Calendar_Page_Type_Other
CustomLabel;Campaign_Planning_Page_Cancel_Button
CustomLabel;Campaign_Planning_Page_City_Header
CustomLabel;Campaign_Planning_Page_Name_Header
CustomLabel;Campaign_Planning_Page_Province_Header
CustomLabel;Campaign_Planning_Page_Query_Button
CustomLabel;Campaign_Planning_Page_Region_Header
CustomLabel;Campaign_Planning_Page_Save_Button
CustomLabel;Campaign_Planning_Page_Select_Cities
CustomLabel;Campaign_Planning_Page_Select_Dealer_Button
CustomLabel;Campaign_Planning_Page_Select_Dealers
CustomLabel;Campaign_Planning_Page_Select_Region
CustomLabel;Campaign_Planning_Page_Service_Code_Header
CustomLabel;Campaign_Planning_Page_Status
CustomLabel;Campaign_Planning_Page_Subtitle
CustomLabel;Campaign_Type
CustomLabel;Campaign_Type_Event
CustomLabel;Campaign_Type_Media
CustomLabel;Campaing_Planning_Page_Title
CustomLabel;Cannot_Delete_Central_Campaign
CustomLabel;Case_Record_Type
CustomLabel;City
CustomLabel;Cluster
CustomLabel;Common_Filter
CustomLabel;Common_Filter_Name
CustomLabel;Completenes
CustomLabel;Contact_Admin
CustomLabel;Convert_Lead
CustomLabel;Convert_To_Lead
CustomLabel;Criteria
CustomLabel;Customer
CustomLabel;Customer_Filter
CustomLabel;Dealer_Has_SR_Code_1
CustomLabel;Delete_Campaign_Failed
CustomLabel;Delete_Campaign_Success
CustomLabel;Delete_Filter
CustomLabel;End_Time_Greater_Start_Time
CustomLabel;Error_Please_enter_your_criteria
CustomLabel;Error_This_name_already_exists
CustomLabel;Event_Type
CustomLabel;Familiarization_workshop_for_dormant_customers
CustomLabel;Familiarization_workshop_for_new_vehicle_owners
CustomLabel;Field
CustomLabel;GenericUploaderErrorMsg
CustomLabel;GenericUploaderForAccount
CustomLabel;GenericUploaderForAccountConfirm
CustomLabel;GenericUploaderForAccountPreview
CustomLabel;GenericUploaderForAccountUploadResults
CustomLabel;GenericUploaderLengthErrorMsg
CustomLabel;Has_Attended_Campaign
CustomLabel;Has_Referral_Record
CustomLabel;Idle_Hour_Promotion
CustomLabel;Insurance_Promotion
CustomLabel;Interest
CustomLabel;Interest_Filter
CustomLabel;Knowledge_Choose_Car_Model
CustomLabel;LABS_SF_AddQuestion
CustomLabel;LABS_SF_Anonymous
CustomLabel;LABS_SF_Answer_as
CustomLabel;LABS_SF_Cancel
CustomLabel;LABS_SF_Chatter
CustomLabel;LABS_SF_Chatter_Link
CustomLabel;LABS_SF_Community
CustomLabel;LABS_SF_ContactWithCase
CustomLabel;LABS_SF_CurrentSurveys
CustomLabel;LABS_SF_Delete
CustomLabel;LABS_SF_Delete_Confirm
CustomLabel;LABS_SF_Edit
CustomLabel;LABS_SF_Email_Link_Anonymous
CustomLabel;LABS_SF_Email_Link_w_Contact_Case_Merge
CustomLabel;LABS_SF_Email_Link_w_Contact_Merge
CustomLabel;LABS_SF_EnterSurveyName
CustomLabel;LABS_SF_External_Please_Create_Site
CustomLabel;LABS_SF_For_community_assistance_with_Survey_Force
CustomLabel;LABS_SF_Getting_Help
CustomLabel;LABS_SF_HeaderAndThankYou
CustomLabel;LABS_SF_Installation_Guide
CustomLabel;LABS_SF_Internal
CustomLabel;LABS_SF_JustContact
CustomLabel;LABS_SF_Learn_More
CustomLabel;LABS_SF_MakeANewSurvey
CustomLabel;LABS_SF_MakeNewSurvey
CustomLabel;LABS_SF_Make_a_Sample_Survey
CustomLabel;LABS_SF_Next_Steps
CustomLabel;LABS_SF_PleaseEnterTheList
CustomLabel;LABS_SF_Question
CustomLabel;LABS_SF_Required
CustomLabel;LABS_SF_RequiredQuestion
CustomLabel;LABS_SF_Resources
CustomLabel;LABS_SF_Results
CustomLabel;LABS_SF_SELECTSITE
CustomLabel;LABS_SF_SELECTTYPE
CustomLabel;LABS_SF_Salesforce_Answers
CustomLabel;LABS_SF_Save
CustomLabel;LABS_SF_SaveOrder
CustomLabel;LABS_SF_SelectQuestionType
CustomLabel;LABS_SF_SelectSitetodisplaySurvey
CustomLabel;LABS_SF_Share
CustomLabel;LABS_SF_Share_My_Survey
CustomLabel;LABS_SF_Sharing_Options
CustomLabel;LABS_SF_SubmitSurvey
CustomLabel;LABS_SF_SurveyForceIsOpenSource
CustomLabel;LABS_SF_SurveyURLLink
CustomLabel;LABS_SF_Survey_Force_is_unsupported
CustomLabel;LABS_SF_Survey_Force_on_Github
CustomLabel;LABS_SF_Survey_Name_Is_Required
CustomLabel;LABS_SF_Survey_Site_Is_Required
CustomLabel;LABS_SF_Survey_Submitted_Thank_you
CustomLabel;LABS_SF_To_submit_ideas_or_issues
CustomLabel;LABS_SF_User_Guide
CustomLabel;LABS_SF_View_Results_In_New_Window
CustomLabel;LABS_SF_View_Sample_Survey
CustomLabel;LABS_SF_Welcome_to_Survey_Force
CustomLabel;LABS_SF_X1_Create_a_sample_survey
CustomLabel;LABS_SF_X2_External_Setup_Site
CustomLabel;LABS_SF_X3_Start_creating_your_first_survey
CustomLabel;LABS_SF_You_have_already_taken_this_survey
CustomLabel;LABS_SF_Your_next_few_steps_are_easy
CustomLabel;LABS_SF_please_visit
CustomLabel;LimitQueries
CustomLabel;Logic_Error
CustomLabel;Maintenance_Promotion
CustomLabel;Marketing_survey
CustomLabel;Mass_Assign_Recall_Tasks_Apply_Filters
CustomLabel;Mass_Assign_Recall_Tasks_Assign_Rules
CustomLabel;Mass_Assign_Recall_Tasks_Assign_Tasks_to_Agents
CustomLabel;Mass_Assign_Recall_Tasks_Close_Tasks
CustomLabel;Mass_Assign_Recall_Tasks_Define_Filters
CustomLabel;Mass_Assign_Recall_Tasks_ErrorMsg1
CustomLabel;Mass_Assign_Recall_Tasks_ErrorMsg2
CustomLabel;Mass_Assign_Recall_Tasks_ErrorMsg3
CustomLabel;Mass_Assign_Recall_Tasks_Mass_Assign_Recall_Tasks
CustomLabel;Mass_Assign_SSI_QCs
CustomLabel;Mass_Calibration_Page_Block_Title
CustomLabel;Media_Type
CustomLabel;Message_Approve_Failed
CustomLabel;Message_Approve_Success
CustomLabel;Message_Max_Size_1000
CustomLabel;Message_No_Selected_Records
CustomLabel;Message_No_Valid_Records
CustomLabel;New_Customer_Acquisition
CustomLabel;No_Complaint
CustomLabel;Not_found_QC
CustomLabel;Operation
CustomLabel;Others
CustomLabel;POM_advertisement
CustomLabel;Page_Element_Next
CustomLabel;Page_Element_Of
CustomLabel;Page_Element_Previous
CustomLabel;Parts_Cross_Promotion
CustomLabel;Please_enter_the_filter_name
CustomLabel;Promotion_on_Technical_accessories_and_collections
CustomLabel;QCMassCalibrationNotice
CustomLabel;QC_Assigned_Successfully
CustomLabel;QC_Completeness_Criteria
CustomLabel;QC_Mass_Calibration_Column_One
CustomLabel;QC_Mass_Calibration_Column_Three
CustomLabel;QC_Mass_Calibration_Column_Two
CustomLabel;QC_Mass_Calibration_Error_Message
CustomLabel;QC_Mass_Calibration_Max_Limits
CustomLabel;QC_Mass_Calibration_Page_Button
CustomLabel;QC_Mass_Calibration_Please_Wait
CustomLabel;QC_Mass_Calibration_Title
CustomLabel;Report_Title1_TA_Tracing
CustomLabel;Report_Title2_TA_Tracing
CustomLabel;Response_Date_From
CustomLabel;Response_Date_To
CustomLabel;Retail_Campaign_Canlender_Page_AS_Campaign
CustomLabel;Retail_Campaign_Canlender_Page_SM_Event
CustomLabel;Retail_Campaign_Canlender_Page_SM_Media
CustomLabel;SMS_Reply_History_Respond_Content
CustomLabel;SSI_Dealer_Cleans
CustomLabel;SSI_Dealer_Cleans_Error
CustomLabel;SSI_Invoice_Date_Page_Section_Title
CustomLabel;SSI_Invoice_End_Date
CustomLabel;SSI_Invoice_Start_Date
CustomLabel;SSI_Invoice_Start_Date_And_End_Date_Error
CustomLabel;SSI_Vin_Match_Button
CustomLabel;SSI_Vin_Match_Error_Message
CustomLabel;SSI_Vin_Match_InvoiceDate_End
CustomLabel;SSI_Vin_Match_InvoiceDate_From
CustomLabel;SSI_Vin_Match_Page_Section_Title
CustomLabel;Sales_Marketing
CustomLabel;Save_Filter
CustomLabel;Sccussful
CustomLabel;Search
CustomLabel;Search_Customer
CustomLabel;Select_Option_None
CustomLabel;Select_User
CustomLabel;Service_Product_Promotion
CustomLabel;Special_Filters
CustomLabel;Status_Approved
CustomLabel;Status_Cancel_Application
CustomLabel;Status_Confirmed
CustomLabel;Task_Phone
CustomLabel;Task_SMS_First_Send_Time
CustomLabel;Task_SMS_Second_Send_Time
CustomLabel;Task_SMS_Send_Cancel
CustomLabel;Task_SMS_Send_ErrorMsg1
CustomLabel;Task_SMS_Send_ErrorMsg2
CustomLabel;Task_SMS_Send_ErrorMsg3
CustomLabel;Task_SMS_Send_ErrorMsg4
CustomLabel;Task_SMS_Send_ErrorMsg5
CustomLabel;Task_SMS_Send_Information
CustomLabel;Task_SMS_Send_JS_ErrorMsg1
CustomLabel;Task_SMS_Send_JS_ErrorMsg2
CustomLabel;Task_SMS_Send_JS_ErrorMsg3
CustomLabel;Task_SMS_Send_JS_ErrorMsg4
CustomLabel;Task_SMS_Send_JS_ErrorMsg5
CustomLabel;Task_SMS_Send_Mobile
CustomLabel;Task_SMS_Send_SMS
CustomLabel;Task_SMS_Send_SMS_Preview
CustomLabel;Task_SMS_Send_SMS_Send
CustomLabel;Task_SMS_Send_SMS_Templates
CustomLabel;Task_SMS_Send_Secondary_Mobile
CustomLabel;Task_SMS_Send_Send
CustomLabel;Task_Start_Call_Time
CustomLabel;Task_Subject
CustomLabel;The_filter_count_is_greater_than_15
CustomLabel;Title_Retail_Campaigns_Mass_Approve
CustomLabel;Title_Search_Filters
CustomLabel;Title_Search_Results
CustomLabel;Title_Tool_Kits_Mass_Approve
CustomLabel;Took_Kit_Type
CustomLabel;Tool_Kit_Type_Event
CustomLabel;Tool_Kit_Type_Media
CustomLabel;Total_Amount_Spend_On_Car_Service_is_Greater_Than
CustomLabel;Used_car_buy_back_trade_in
CustomLabel;VEP_Seasonal_Check
CustomLabel;VF_ToolKitSelect_Return_Button
CustomLabel;VF_ToolkitSelect_File_Name
CustomLabel;VF_ToolkitSelect_Preview
CustomLabel;VF_ToolkitSelect_Publish_Date
CustomLabel;Vehicle_Filter
CustomLabel;Yearly_TA_Apply_deadline
CustomLabel;Yearly_TA_City
CustomLabel;Yearly_TA_Dealer_Name
CustomLabel;Yearly_TA_Name
CustomLabel;Yearly_TA_Next
CustomLabel;Yearly_TA_Of
CustomLabel;Yearly_TA_Previous
CustomLabel;Yearly_TA_Region
CustomLabel;Yearly_TA_Status
CustomLabel;Yearly_TA_Sub_Region
CustomLabel;Yearly_TA_View
CustomLabel;Yearly_TA_Year
CustomLabel;Yearly_TAs
CustomLabel;l_AtmospherePerceptionandLighting
CustomLabel;l_BasicParameter
CustomLabel;l_Brand
CustomLabel;l_DWABurglarAlarm
CustomLabel;l_Engine
CustomLabel;l_HideSame
CustomLabel;l_Highlight
CustomLabel;l_Models
CustomLabel;l_NoDataFound
CustomLabel;l_Price
CustomLabel;l_Series
CustomLabel;l_ShowMore
CustomLabel;l_Sparetire
CustomLabel;rcc_Auto_Show
CustomLabel;rcc_Broadcast
CustomLabel;rcc_Charity
CustomLabel;rcc_Digital
CustomLabel;rcc_Festival
CustomLabel;rcc_Joint_Event
CustomLabel;rcc_Magazine
CustomLabel;rcc_Mobile
CustomLabel;rcc_New_Car_Launch
CustomLabel;rcc_Newspaper
CustomLabel;rcc_OOH
CustomLabel;rcc_Prints_relevant
CustomLabel;rcc_Road_Show
CustomLabel;rcc_Showroom_Event
CustomLabel;rcc_Sports_Marketing
CustomLabel;rcc_TV
CustomLabel;rcc_Test_Drive
CustomLabels;CustomLabels
StaticResource;Angular
StaticResource;AppirioLogo
StaticResource;BenzHeader
StaticResource;Bootstrap
StaticResource;CampaignTimelineFrame
StaticResource;CarModelComparison
StaticResource;Checksums
StaticResource;Dealer_Reminder
StaticResource;JSforce
StaticResource;ReminderForCampaignRelation
StaticResource;RetailCampaignSegmentation
StaticResource;RetailCampaignTimeline_JS
StaticResource;SiteSamples
StaticResource;SlickCTI_CallCenterDefinition
StaticResource;SlickCTI_DialPhone
StaticResource;SlickCTI_DownArrow
StaticResource;SlickCTI_Hangup
StaticResource;SlickCTI_InboundRing
StaticResource;SlickCTI_Logo
StaticResource;SlickCTI_Outbound
StaticResource;SlickCTI_TouchToneSounds
StaticResource;SlickCTI_Transfer
StaticResource;SlickCTI_Volume
StaticResource;SlickCTI_iCanHaz
StaticResource;SlickCTI_jQuery
StaticResource;SlickCTI_js
StaticResource;SortTable
StaticResource;SurveyForce
StaticResource;Timeline_CSS
StaticResource;Timeline_JS
StaticResource;Timeline_JS_Pa_Z
StaticResource;UiBootstrap
StaticResource;UserGuide
StaticResource;insect
StaticResource;jQuery
StaticResource;jQueryCSV
StaticResource;jquery142
StaticResource;linked
StaticResource;searching_img
StaticResource;unlink
StaticResource;webchat
StaticResource;zzDealerSearch1
StaticResource;zzDealerSearch2
ApexComponent;SiteFooter
ApexComponent;SiteHeader
ApexComponent;SiteLogin
ApexComponent;SitePoweredBy
ApexPage;AccountButtonContainer
ApexPage;AccountConsoleRefresh
ApexPage;AddToRetailCampaign
ApexPage;AnswersHome
ApexPage;AssignCaseToDealer
ApexPage;BandwidthExceeded
ApexPage;CACFields
ApexPage;CSRLookup
ApexPage;Campaign_Timeline
ApexPage;CaseConsoleRefresh
ApexPage;CaseEscalation
ApexPage;Central_Campaigns
ApexPage;ChangePassword
ApexPage;CommunitiesLanding
ApexPage;CommunitiesLogin
ApexPage;CommunitiesSelfReg
ApexPage;CommunitiesSelfRegConfirm
ApexPage;CommunitiesTemplate
ApexPage;ComplaintDescriptionViewAll
ApexPage;DMSendResult
ApexPage;DealerClean
ApexPage;DealerSearch
ApexPage;EPA_Admin_Command_Result
ApexPage;EPA_Admin_Commands
ApexPage;EPA_BTL_Advanced_Filter
ApexPage;EPA_BTL_Attachment
ApexPage;EPA_BTL_Errors
ApexPage;EPA_BTL_Transaction
ApexPage;EPA_BTL_Transaction_List
ApexPage;EPA_Business_Transaction_Log
ApexPage;EPA_Cluster_Commands
ApexPage;EPA_Commands
ApexPage;EPA_Resource_Consumption
ApexPage;EPA_Scheduled_Commands
ApexPage;EPA_Server_Commands
ApexPage;EPA_Server_Status
ApexPage;EPA_Show_Versions
ApexPage;EPA_System_Status
ApexPage;EPA_Thread_Dead_Locks
ApexPage;EPA_Thread_Details
ApexPage;EPA_Thread_Dump
ApexPage;EPA_Thread_List
ApexPage;EPA_Transaction_Costs
ApexPage;Exception
ApexPage;FileNotFound
ApexPage;ForgotPassword
ApexPage;ForgotPasswordConfirm
ApexPage;GenericUploader
ApexPage;GenericUploaderForAccount
ApexPage;HistoryRespond
ApexPage;IdeasHome
ApexPage;InMaintenance
ApexPage;LeadButtonContainerASLeads
ApexPage;LeadButtonContainerSalesLeads
ApexPage;LeadConverting
ApexPage;LeadsConsoleRefresh
ApexPage;MassApproveRetailCampaign
ApexPage;MassApproveToolKit
ApexPage;MassAssignRecallTasks
ApexPage;MyProfilePage
ApexPage;NewVehicleRelationship
ApexPage;RetailCampaignSegmentation
ApexPage;RetailCampaign_Timeline
ApexPage;Retail_Campaigns
ApexPage;SMSSendLeadResult
ApexPage;SMSSendResult
ApexPage;SSINewComplaintEnd
ApexPage;SSINewComplaintStart
ApexPage;SelectAssignedDealer
ApexPage;SiteLogin
ApexPage;SiteRegister
ApexPage;SiteRegisterConfirm
ApexPage;SiteTemplate
ApexPage;SlickCTI_CSS
ApexPage;SlickCTI_Phone
ApexPage;StdExceptionTemplate
ApexPage;TaskDeleting
ApexPage;TaskLink
ApexPage;TaskMassChangeOwner
ApexPage;TaskSMSSendResult
ApexPage;Tasks
ApexPage;ToolKitSelectContent
ApexPage;Unauthorized
ApexPage;UnderConstruction
ApexPage;UserLookupResult
ApexPage;VehicleRelLooking
ApexPage;ViewTask
ApexPage;ViewVoiceRecording
ApexPage;VinMatch
ApexPage;YearlyTA
ApexPage;YearlyTAAchievementTracingReport
ApexPage;Yearly_TA_Report
ApexPage;labs_survey_css
Queue;Central_Office_ER_team
Queue;Central_Office_NR_team
Queue;Central_Office_PL_WL_Queue
Queue;Central_Office_Queue
Queue;Central_Office_SR_team
Queue;Central_Office_WR_team
Queue;Regional_Office_East_Queue
Queue;Regional_Office_North_Queue
Queue;Regional_Office_South_Queue
Queue;Regional_Office_West_Queue
Role;AS_Service_Technical_Director
Role;CAC_QC_SV_TM
Role;CRM_Manager_Retail_Marketing
Role;CRM_Manager_Wholesale_Marketing
Role;Call_Center
Role;Central
Role;Central_Aftersales
Role;Central_Sales_Marketing
Role;DM_AS_E
Role;DM_AS_N
Role;DM_AS_S
Role;DM_AS_W
Role;Data_Service_Specialist
Role;Dealer_Executive
Role;Dealer_User
Role;External_Marketing_Agency
Role;IB_CSR
Role;IB_QC
Role;IB_TL
Role;IT
Role;IT_Manager
Role;OB_CSR
Role;OB_QC
Role;OB_TL
Role;PL_WL_Team
Role;RM_AS_E
Role;RM_AS_N
Role;RM_AS_S
Role;RM_AS_W
Role;RM_SM_E
Role;RM_SM_N
Role;RM_SM_S
Role;RM_SM_W
Role;Regional
Role;Regional_AS_Retail_Marketing
Role;Regional_CRM_Manager
Role;Regional_CRM_Mgr_E
Role;Regional_CRM_Mgr_N
Role;Regional_CRM_Mgr_S
Role;Regional_CRM_Mgr_W
Role;Regional_S_M_Marketing
Role;Retail
Role;Retail_AS_Marketing_Assistant_Manager
Role;SSI_CSR
Role;SSI_Supervisor
Role;SSI_TL
Role;WholeSale_CallCenter
Role;Wholesale
Group;All_Dealer_Group
Group;All_Region
Group;Central_AS_Content_Group
Group;Central_S_M_Content_Group
Group;East_Region_Group
Group;North_Region_Group
Group;Regional_CRM_Manager
Group;Sourth_Region_Group
Group;West_Region_Group
CustomObject;Account
CustomObject;AccountContactRole
CustomObject;Account_Link__c
CustomObject;Activity
CustomObject;App_Setting__c
CustomObject;Asset
CustomObject;Attribute__c
CustomObject;Batch_Job__c
CustomObject;Campaign
CustomObject;CampaignMember
CustomObject;Campaign_City__c
CustomObject;Campaign_Lead__c
CustomObject;Campaign_Offering__c
CustomObject;Campaign_Package__c
CustomObject;Campaign_Partner__c
CustomObject;Campaign_history_log__c
CustomObject;Car_Enquiry__c
CustomObject;Car_Model_Attribute__c
CustomObject;Car_Model__c
CustomObject;Case
CustomObject;CaseContactRole
CustomObject;Case_SubType_Mapping__c
CustomObject;City__c
CustomObject;Collaboration_Team__c
CustomObject;Complaint_Description__c
CustomObject;Complaint_Tracking__c
CustomObject;Contact
CustomObject;ContentVersion
CustomObject;Contract
CustomObject;ContractContactRole
CustomObject;DM_Material__c
CustomObject;DM_Request__c
CustomObject;DM_Stock_Flow__c
CustomObject;DandBCompany
CustomObject;Dealer_Offering__c
CustomObject;DuplicateRecordItem
CustomObject;DuplicateRecordSet
CustomObject;EPA_Settings__c
CustomObject;EP_Integration_URLS__c
CustomObject;EP_Log_Interface__c
CustomObject;Environment_Specific_Values__c
CustomObject;EpAdapterUnitOfTransfer__c
CustomObject;EpAdapterUnitOfWork__c
CustomObject;Event
CustomObject;External_Picklist__c
CustomObject;Feeback_Day_Setting__c
CustomObject;FeedItem
CustomObject;Idea
CustomObject;Integration_Picklist__c
CustomObject;Lead
CustomObject;Lead__c
CustomObject;Macro
CustomObject;MacroAction
CustomObject;MacroInstruction
CustomObject;MonthlyRule__c
CustomObject;OB_Task_Handing__c
CustomObject;Opportunity
CustomObject;OpportunityCompetitor
CustomObject;OpportunityContactRole
CustomObject;OpportunityLineItem
CustomObject;Order
CustomObject;OrderItem
CustomObject;Package_Item__c
CustomObject;Participating_Dealer__c
CustomObject;PartnerRole
CustomObject;Picklist_Mapping__c
CustomObject;Pricebook2
CustomObject;PricebookEntry
CustomObject;Product2
CustomObject;QC_Result_Tracking__c
CustomObject;QC__c
CustomObject;Recall__c
CustomObject;Rejected_Duplicate_Log__c
CustomObject;Retail_Campaign_Member__c
CustomObject;Retail_Campaign__c
CustomObject;Retail_Task__c
CustomObject;SMSReplyHistory__c
CustomObject;SMS_Batch__c
CustomObject;SMS_Code__c
CustomObject;SMS__c
CustomObject;SR_History__c
CustomObject;SSI_Cleansing_Result__c
CustomObject;SSI__c
CustomObject;Settlement_Management__c
CustomObject;Site
CustomObject;SocialPersona
CustomObject;Solution
CustomObject;StreamingChannel
CustomObject;SurveyQuestionResponse__c
CustomObject;SurveyTaker__c
CustomObject;Survey_Question__c
CustomObject;Survey__c
CustomObject;TSP_Subscription__c
CustomObject;Task
CustomObject;Template__c
CustomObject;Tool_Kit__c
CustomObject;Trigger_Status__c
CustomObject;User
CustomObject;Vehicle_Relationship__c
CustomObject;Vehicle__c
Report;unfiled$public
Layout;Account-Account Master Layout
Layout;Account-Company Layout
Layout;Account-Dealer Layout-Admin
Layout;Account-Dealer Layout-CAC
Layout;Account-Dealer Layout-Portal
Layout;AccountContactRole-Account Contact Role Layout
Layout;Account_Link__c-Account Link Layout
Layout;Asset-Asset Layout
Layout;Attribute__c-Car Attribute Layout
Layout;Batch_Job__c-Batch Job Layout
Layout;Campaign-AS Central Campaign
Layout;Campaign-CAC CRM Campaign Layout
Layout;Campaign-CAC Campaign Layout
Layout;Campaign-Campaign Execution Complex layout
Layout;Campaign-Campaign Execution Complex layout-Activate%2FSuspend SMS Batch
Layout;Campaign-Campaign Execution Simple layout
Layout;Campaign-Campaign Execution Simple layout-Activate%2FSuspend SMS Batch
Layout;Campaign-Campaign Execution layout
Layout;Campaign-Campaign Execution layout-Activate%2FSuspend SMS Batch
Layout;Campaign-Campaign Master Layout
Layout;Campaign-Central Campaign Layout
Layout;Campaign-MB BP
Layout;Campaign-S%26M Event Central Campaign
Layout;Campaign-S%26M Media Central Campaign
Layout;Campaign-smart BP
Layout;CampaignMember-Campaign Member Page Layout
Layout;Campaign_City__c-Campaign City Layout
Layout;Campaign_Lead__c-Campaign Lead Layout
Layout;Campaign_Offering__c-Campaign Offering Layout
Layout;Campaign_Package__c-Campaign Package Layout
Layout;Campaign_Partner__c-Campaign Partner Layout
Layout;Campaign_history_log__c-Campaign History Log Layout
Layout;Car_Enquiry__c-Car Enquiry Layout
Layout;Car_Model_Attribute__c-Car Model Attribute Layout
Layout;Car_Model__c-Car Model Layout
Layout;Case-Case Master Layout
Layout;Case-Chrysler Complaint Layout - CAC
Layout;Case-Inquiry Layout - CAC%28IB%2FOB%29
Layout;Case-MB Complaint Layout - CAC
Layout;Case-MB Complaint Layout - Customer Care Team
Layout;Case-MB Complaint Layout - Dealer Gate Keeper
Layout;Case-MB Complaint Layout - Dealer Portal User
Layout;Case-MB Complaint Layout - RO%2FCO
Layout;Case-MB Complaint Layout - System Admin
Layout;Case-Retail Campaign Layout
Layout;CaseClose-Case Close Master Layout
Layout;CaseInteraction-Layout für Kundenvorgangsfeed
Layout;Case_SubType_Mapping__c-Case SubType Mapping Layout
Layout;CollaborationGroup-Group Layout
Layout;CollaborationGroup-Panel layout
Layout;CollaborationGroup-小组 布局
Layout;Collaboration_Team__c-Collaboration Team Layout
Layout;Complaint_Description__c-Complaint Description %2F Resolution Layout
Layout;Complaint_Description__c-Complaint Description Layout
Layout;Complaint_Tracking__c-Complaint Tracking Layout
Layout;Contact-Contact Master Layout
Layout;ContentVersion-Active Toolbox
Layout;ContentVersion-Advertising Kit
Layout;ContentVersion-Aftermarket class
Layout;ContentVersion-Category marketing
Layout;ContentVersion-General
Layout;ContentVersion-Sales
Layout;Contract-Contract Layout
Layout;DM_Material__c-DM Layout
Layout;DM_Request__c-Create DM Request Layout
Layout;DM_Request__c-DM Fulfill Layout
Layout;DM_Request__c-DM Request Layout
Layout;DM_Stock_Flow__c-DM Stock Flow Layout
Layout;DM_Stock_Flow__c-DM Stock Flow 布局
Layout;DandBCompany-D%26B Company Layout
Layout;Dealer_Offering__c-Dealer Offering Layout
Layout;DuplicateRecordSet-Duplicate Record Set Layout
Layout;EP_Log_Interface__c-EP Log Interface Layout
Layout;EpAdapterUnitOfTransfer__c-Unit of Transfer Layout
Layout;EpAdapterUnitOfWork__c-EpAdapterUnitOfWork-Layout
Layout;Event-Event Master Layout
Layout;Event-Reservation Layout
Layout;External_Picklist__c-External Picklist Layout
Layout;FeedItem-Feed Item Layout
Layout;Global-Global Layout
Layout;Idea-Idea Layout
Layout;Integration_Picklist__c-Integration Picklist Layout
Layout;Lead-Lead %28Marketing%29 Layout
Layout;Lead-Lead %28Sales%29 Layout
Layout;Lead-Lead %28Support%29 Layout
Layout;Lead-Lead Layout
Layout;Lead__c-Lead Layout
Layout;Lead__c-Sales Leads Admin
Layout;Lead__c-Sales Leads Layout %28CAC%29
Layout;Lead__c-Sales Leads Layout %28Dealer%29
Layout;Macro-Macro Layout
Layout;OB_Task_Handing__c-OB Task Handing Layout
Layout;Opportunity-Opportunity %28Marketing%29 Layout
Layout;Opportunity-Opportunity %28Sales%29 Layout
Layout;Opportunity-Opportunity %28Support%29 Layout
Layout;Opportunity-Opportunity Layout
Layout;OpportunityLineItem-Opportunity Product Layout
Layout;Order-Order Layout
Layout;OrderItem-Order Product Layout
Layout;Package_Item__c-Package Item Layout
Layout;Participating_Dealer__c-Participating Dealer Layout
Layout;PersonAccount-3rd Pary Layout
Layout;PersonAccount-PA Layout-CAC IB%2FOB %28CSR%2FTL%2FOM%29
Layout;PersonAccount-PA Layout-Dealer Portal
Layout;PersonAccount-PA Layout-Other User
Layout;PersonAccount-PA Layout-Soft Deleted
Layout;Picklist_Mapping__c-Picklist Mapping Layout
Layout;Pricebook2-Price Book Layout
Layout;PricebookEntry-Price Book Entry Layout
Layout;Product2-Product Layout
Layout;QC_Result_Tracking__c-QC Result Tracking Layout
Layout;QC_Result_Tracking__c-QC Score Comments History Layout
Layout;QC__c-IB QC
Layout;QC__c-OB QC
Layout;QC__c-QC Layout
Layout;QC__c-SSI
Layout;Recall__c-Recall Layout
Layout;Rejected_Duplicate_Log__c-Rejected Duplicate Log Layout
Layout;Retail_Campaign_Member__c-Retail Campaign Member Layout
Layout;Retail_Campaign__c-AS Retail Campaign
Layout;Retail_Campaign__c-AS Yearly TA
Layout;Retail_Campaign__c-Copy of Monthly TA
Layout;Retail_Campaign__c-Monthly TA
Layout;Retail_Campaign__c-Record Layout
Layout;Retail_Campaign__c-Retail Campaign Layout
Layout;Retail_Campaign__c-Retail Campaign Layout-central
Layout;Retail_Campaign__c-S%26M Event Retail Campaign
Layout;Retail_Campaign__c-S%26M Media Retail Campaign
Layout;Retail_Campaign__c-S%26M Yearly TA
Layout;Retail_Campaign__c-Segmentation
Layout;Retail_Task__c-Retail Task Layout%28Contract%29
Layout;Retail_Task__c-Retail Task Layout%28Retail Activity%29
Layout;Retail_Task__c-Retail Task Layout%28Service%29
Layout;SMSReplyHistory__c-SMS Reply History Layout
Layout;SMS_Batch__c-CAC Data SMS Layout
Layout;SMS_Batch__c-OB SMS Layout
Layout;SMS_Code__c-MMS Code Layout-Downstream
Layout;SMS_Code__c-SMS Code Layout
Layout;SMS_Code__c-SMS Code Layout-Downstream
Layout;SMS_Code__c-SMS Code Layout-OB Task
Layout;SMS_Code__c-SMS Code Layout-Register Campaign
Layout;SMS__c-SMS Layout
Layout;SR_History__c-SR History Layout
Layout;SSI_Cleansing_Result__c-SSI Cleansing Result Layout
Layout;SSI__c-SSI Layout
Layout;SSI__c-SSI Record IT Layout
Layout;SSI__c-SSI Record Layout
Layout;Settlement_Management__c-Settlement Management Layout
Layout;SocialPersona-Social Persona Layout
Layout;SocialPost-Social Post Layout
Layout;Solution-Solution Layout
Layout;SurveyQuestionResponse__c-Survey Question Answer Layout
Layout;SurveyQuestionResponse__c-Survey Question Response Layout
Layout;SurveyTaker__c-Survey Taken Layout
Layout;SurveyTaker__c-SurveyTaker Layout
Layout;Survey_Question__c-Survey Question Layout
Layout;Survey__c-Survey Layout
Layout;TSP_Subscription__c-TSP Subscription Layout
Layout;Task-Campaign Task
Layout;Task-DM
Layout;Task-IB Call
Layout;Task-OB Call
Layout;Task-OB Task
Layout;Task-SMS
Layout;Task-SMS with History Response
Layout;Task-SSI Task
Layout;Task-Social Media
Layout;Task-Task Master Layout
Layout;Task-Welcome Call Task
Layout;Task-eDM
Layout;Template__c-Callscript
Layout;Template__c-Children MMS Template
Layout;Template__c-Children SMS Template
Layout;Template__c-MMS
Layout;Template__c-SMS
Layout;Template__c-Template Layout
Layout;Template__c-eDM Template
Layout;Tool_Kit__c-Event Tool Kit
Layout;Tool_Kit__c-Media Tool Kit
Layout;Tool_Kit__c-Tool Kit Layout
Layout;User-User Master Layout
Layout;UserAlt-User Profile Layout
Layout;Vehicle_Relationship__c-Vehicle Relationship Layout-CAC
Layout;Vehicle_Relationship__c-Vehicle Relationship Layout-Dealer Portal
Layout;Vehicle__c-Competitor Vehicle Layout-CAC
Layout;Vehicle__c-MB Vehicle Layout-CAC
Layout;Vehicle__c-MB Vehicle Layout-Dealer Portal
Document;EPA
Document;EPA/EPA_Logo.jpg
Document;Logo
Document;Logo/Central_LOGO.png
Document;Logo/Logo_Mercedes_Benz.png
Document;Logo/MB_LOGO.png
CustomPageWebLink;Retail_Campaign
CustomPageWebLink;Took_Kit
QuickAction;Defer
QuickAction;EditDescription
QuickAction;LogACall
QuickAction;NewAccount
QuickAction;NewCase
QuickAction;NewChildCase
QuickAction;NewContact
QuickAction;NewEvent
QuickAction;NewGroup
QuickAction;NewGroupMember
QuickAction;NewGroupRecord
QuickAction;NewLead
QuickAction;NewNote
QuickAction;NewOpportunity
QuickAction;NewTask
QuickAction;NewTaskFromFeedItem
QuickAction;UpdatePriority
QuickAction;UpdateStatus
CustomTab;Account_Link__c
CustomTab;Attribute__c
CustomTab;Batch_Job__c
CustomTab;Campaign_Calendar
CustomTab;Campaign_Lead__c
CustomTab;Campaign_Partner__c
CustomTab;Car_Model_Attribute__c
CustomTab;Car_Model__c
CustomTab;Central_Campaigns
CustomTab;DM_Material__c
CustomTab;DM_Request__c
CustomTab;DM_Stock_Flow__c
CustomTab;EPA_Business_Transaction_Log
CustomTab;EPA_Commands
CustomTab;EPA_Resource_Consumption
CustomTab;EPA_System_Status
CustomTab;EP_Log_Interface__c
CustomTab;EpAdapterUnitOfTransfer__c
CustomTab;EpAdapterUnitOfWork__c
CustomTab;External_Picklist__c
CustomTab;Integration_Picklist__c
CustomTab;Lead__c
CustomTab;Participating_Dealer__c
CustomTab;Picklist_Mapping__c
CustomTab;QC__c
CustomTab;Rejected_Duplicate_Log__c
CustomTab;Retail_Campaign_Calender
CustomTab;Retail_Campaign__c
CustomTab;Retail_Campaigns
CustomTab;Retail_Task__c
CustomTab;SMSReplyHistory__c
CustomTab;SR_History__c
CustomTab;SSI__c
CustomTab;SurveyTaker__c
CustomTab;Survey__c
CustomTab;Tasks
CustomTab;Template__c
CustomTab;Tool_Kit__c
CustomTab;Vehicle_Relationship__c
CustomTab;Vehicle__c
CustomTab;Yearly_Target
CustomApplication;Central_CRM
CustomApplication;Central_Dealer_Portal
CustomApplication;Central_Lead_Management
CustomApplication;Central_Marketing
CustomApplication;EPA_Administration
CustomApplication;Force_com
CustomApplication;Private_APP_Exchange
CustomApplication;Retail_CRM
CustomApplication;Service_Cloud_Console_IB
CustomApplication;Service_Cloud_Console_OB
CustomApplication;Service_Cloud_Console_SSI
CustomApplication;standard__AppLauncher
CustomApplication;standard__Chatter
CustomApplication;standard__Community
CustomApplication;standard__Content
CustomApplication;standard__Marketing
CustomApplication;standard__Platform
CustomApplication;standard__Sales
CustomApplication;standard__Service
CustomApplication;standard__ServiceConsole
CustomApplication;standard__Sites
CustomApplication;standard__Work
Portal;Customer Portal
Portal;Partner Portal
EmailTemplate;Batch_Job_Email_Template
EmailTemplate;Batch_Job_Email_Template/Email_notification_when_batch_job_is_fail
EmailTemplate;Lead_Email_Template
EmailTemplate;Lead_Email_Template/Dealer_Email_Notification_of_Everyday_Assigned_Leads_Amount
EmailTemplate;Lead_Email_Template/Email_notification_when_customer_doesn_t_allow_dealer_contact
EmailTemplate;Lead_Email_Template/Email_notification_when_dealer_update_leads
EmailTemplate;Lead_Email_Template/Email_notification_when_interested_vehicle_have_changed
EmailTemplate;Lead_Email_Template/Email_notification_when_no_status_is_updated_more_than_10_days
EmailTemplate;Lead_Email_Template/Email_notification_when_no_status_is_updated_more_than_5_days
EmailTemplate;Lead_Email_Template/Email_notification_when_purchase_time_have_changed
EmailTemplate;unfiled$public
EmailTemplate;unfiled$public/Appeal_QC
EmailTemplate;unfiled$public/Case_Deadline_Notification
EmailTemplate;unfiled$public/Case_Handling_level_Notification
EmailTemplate;unfiled$public/Change_Complaint_Assignment_To_Dealer_GateKeeper_Notification
EmailTemplate;unfiled$public/Change_Complaint_Support_Dealer_GateKeeper_Notification
EmailTemplate;unfiled$public/Change_Retail_Campaign_Inquiry_Assignment_To_Dealer_Notification
EmailTemplate;unfiled$public/Collaboration_Team_Notification_Template
EmailTemplate;unfiled$public/CommunityChangePasswordEmailTemplate
EmailTemplate;unfiled$public/CommunityForgotPasswordEmailTemplate
EmailTemplate;unfiled$public/CommunityWelcomeEmailTemplate
EmailTemplate;unfiled$public/Complaint_update_notification
EmailTemplate;unfiled$public/CustomerPortalChangePwdEmail
EmailTemplate;unfiled$public/CustomerPortalNewUserEmail
EmailTemplate;unfiled$public/CustomerPortalSelfRegUserEmail
EmailTemplate;unfiled$public/MarketingProductInquiryResponse
EmailTemplate;unfiled$public/PartnerChangePwdEmail
EmailTemplate;unfiled$public/PartnerNewUserEmail
EmailTemplate;unfiled$public/SUPPORT%3A Self-Service New Comment %28SAMPLE%29
EmailTemplate;unfiled$public/SUPPORT%3A Self-Service New User Login %28SAMPLE%29
EmailTemplate;unfiled$public/SUPPORT%3A Self-Service Reset Password %28SAMPLE%29
EmailTemplate;unfiled$public/SUPPORTSelfServiceNewCommentNotificationSAMPLE
EmailTemplate;unfiled$public/SUPPORTSelfServiceNewUserLoginInformationSAMPLE
EmailTemplate;unfiled$public/SUPPORTSelfServiceResetPasswordSAMPLE
EmailTemplate;unfiled$public/SalesNewCustomerEmail
EmailTemplate;unfiled$public/SupportCaseAssignmentNotification
EmailTemplate;unfiled$public/SupportCaseCreatedPhoneInquiries
EmailTemplate;unfiled$public/SupportCaseCreatedWebInquiries
EmailTemplate;unfiled$public/SupportCaseResponse
EmailTemplate;unfiled$public/SupportEscalatedCaseNotification
EmailTemplate;unfiled$public/SupportEscalatedCaseReassignment
EmailTemplate;unfiled$public/SupportSelfServiceNewLoginandPassword
EmailTemplate;unfiled$public/SupportSelfServiceResetPassword
WorkflowOutboundMessage;Lead__c.Link_Social_Media_Leads
WorkflowOutboundMessage;Lead__c.Send_Assigned_Dealer_to_EP
WorkflowFieldUpdate;Account.Change_Preferred_Phone
WorkflowFieldUpdate;Campaign.Activate_Campaign
WorkflowFieldUpdate;Campaign.Campaign_ExecutionIndex_Calculation
WorkflowFieldUpdate;Campaign.Deactivate_Campaign
WorkflowFieldUpdate;Campaign.Update_Ative_to_True
WorkflowFieldUpdate;Campaign.Update_Campaign_Code
WorkflowFieldUpdate;Campaign.Update_Content_Preview
WorkflowFieldUpdate;Campaign.record_Close_Date
WorkflowFieldUpdate;Campaign.record_Publish_Date
WorkflowFieldUpdate;Campaign_Lead__c.Set_CL_Successful_Call_Number_is_0
WorkflowFieldUpdate;Campaign_Lead__c.Set_CL_Successful_Call_Number_is_1
WorkflowFieldUpdate;Case.Send_Email_to_Gate_Keeper
WorkflowFieldUpdate;Case.Update_Case_Origin_To_CAC
WorkflowFieldUpdate;Case.Update_CheckFlag_After_48H
WorkflowFieldUpdate;Case.Update_CheckFlag_After_72H
WorkflowFieldUpdate;Case.Update_Complaint_Creator_Department_toCA
WorkflowFieldUpdate;Case.Update_Creator_Department_To_ROCO
WorkflowFieldUpdate;Case.Update_Creator_Department_to_Dealer
WorkflowFieldUpdate;Case.Update_Support_Dealer1_Email_FlgToFalse
WorkflowFieldUpdate;Case.Update_Support_Dealer2_Email_FlgToFalse
WorkflowFieldUpdate;Case.Update_Support_Dealer3_Email_FlgToFalse
WorkflowFieldUpdate;Case.update_workflow_order
WorkflowFieldUpdate;DM_Material__c.Update_DM_Material_External_Id
WorkflowFieldUpdate;DM_Request__c.Update_DM_Request_External_Id
WorkflowFieldUpdate;Lead__c.Set_Successful_Call_Number_is_0
WorkflowFieldUpdate;Lead__c.Set_Successful_Call_Number_is_1
WorkflowFieldUpdate;Lead__c.Update_CAC_Lead_Status_to_Accepted
WorkflowFieldUpdate;Lead__c.Update_CAC_Lead_Status_to_Assigned
WorkflowFieldUpdate;Lead__c.Update_Contact_Failed_Date_Time_to_Now
WorkflowFieldUpdate;Lead__c.Update_Dealer_Aftersales_Manager_Email
WorkflowFieldUpdate;Lead__c.Update_Dealer_Lead_Status_to_Accepted
WorkflowFieldUpdate;Lead__c.Update_Dealer_Lead_Status_to_Assigned
WorkflowFieldUpdate;Lead__c.Update_Dealer_Owner_Email
WorkflowFieldUpdate;Lead__c.Update_Lead_Accepted_Date_Time_to_Now
WorkflowFieldUpdate;Lead__c.Update_Lead_Assigned_Date_Time_to_Now
WorkflowFieldUpdate;Lead__c.Update_Lead_Recieved_Date_Time_to_Now
WorkflowFieldUpdate;Lead__c.Update_Lost_CAC_Date_Time_to_Now
WorkflowFieldUpdate;Lead__c.Update_Lost_CAC_Date_to_Now
WorkflowFieldUpdate;Lead__c.Update_Proxy_Date_Time_to_Contact_Failed
WorkflowFieldUpdate;Lead__c.Update_Proxy_Date_Time_to_First_Contact
WorkflowFieldUpdate;Lead__c.Update_Proxy_Date_Time_to_Lost_Dealer
WorkflowFieldUpdate;Lead__c.Update_Proxy_Date_Time_to_Order_Placed
WorkflowFieldUpdate;Lead__c.Update_Proxy_Date_Time_to_Purchased
WorkflowFieldUpdate;Lead__c.Update_Proxy_Date_Time_to_Test_Drive
WorkflowFieldUpdate;Lead__c.Update_Proxy_Date_Time_to_Visited_Showro
WorkflowFieldUpdate;Lead__c.Update_Purchased_CAC_Date_Time_to_Now
WorkflowFieldUpdate;Lead__c.Update_Purchased_Date_Time_to_Now
WorkflowFieldUpdate;Lead__c.Update_Qualified_Date_Time_to_Now
WorkflowFieldUpdate;Lead__c.Update_Visited_Showroom_Date_Time_to_Now
WorkflowFieldUpdate;Package_Item__c.Update_Unique_Code_Field
WorkflowFieldUpdate;Retail_Campaign__c.Apply_Status_Approved
WorkflowFieldUpdate;Retail_Campaign__c.Apply_Status_Cancel_Application
WorkflowFieldUpdate;Retail_Campaign__c.Apply_Status_Cancelled
WorkflowFieldUpdate;Retail_Campaign__c.Apply_Status_Confirmed
WorkflowFieldUpdate;Retail_Campaign__c.Apply_Status_Need_Modify
WorkflowFieldUpdate;Retail_Campaign__c.Feedback_Status_Approved
WorkflowFieldUpdate;Retail_Campaign__c.Feedback_Status_Need_Modify
WorkflowFieldUpdate;Retail_Campaign__c.Status_Updated_Approved
WorkflowFieldUpdate;Retail_Campaign__c.Status_Updated_Need_Modify
WorkflowFieldUpdate;Retail_Campaign__c.Submit_Date_Updated
WorkflowFieldUpdate;Task.Update_Call_End_Time
WorkflowFieldUpdate;Task.Update_Call_Start_Time
WorkflowFieldUpdate;Tool_Kit__c.Apply_Status_Approved
WorkflowFieldUpdate;Tool_Kit__c.Apply_Status_Approved_Forcancel
WorkflowFieldUpdate;Tool_Kit__c.Apply_Status_Cancel
WorkflowFieldUpdate;Tool_Kit__c.Apply_Status_Cancel_Application
WorkflowFieldUpdate;Tool_Kit__c.Apply_Status_Confirmed
WorkflowFieldUpdate;Tool_Kit__c.Apply_Status_Confirmed_Forfeedback
WorkflowFieldUpdate;Tool_Kit__c.Apply_Status_Need_Modify
WorkflowFieldUpdate;Tool_Kit__c.Feedback_Status_Approved
WorkflowFieldUpdate;Tool_Kit__c.Feedback_Status_Need_Modify
WorkflowFieldUpdate;Vehicle_Relationship__c.Validate_Vehicle_Relationship
WorkflowRule;Account.Change Preferred phone to null
WorkflowRule;Account.Send Assigned Leads to Dealer Everyday
WorkflowRule;Batch_Job__c.Send The Email of Fail Reason to Recipient
WorkflowRule;Campaign.Activate Campaign When Status Changes to %22Started%22
WorkflowRule;Campaign.Index Calculation
WorkflowRule;Campaign.Record Close Date
WorkflowRule;Campaign.Record Publish Date
WorkflowRule;Campaign.To update Content Preview
WorkflowRule;Campaign.Update Active of Campaign Execution
WorkflowRule;Campaign.Update Campaign Code
WorkflowRule;Campaign_Lead__c.Set Campaign Lead Successful Call Number is 0
WorkflowRule;Campaign_Lead__c.Set Campaign Lead Successful Call Number is 1
WorkflowRule;Case.Case 48%2672H Check Notification
WorkflowRule;Case.Case Deadline Notification
WorkflowRule;Case.Case handling level Assignment Notification to Dealer
WorkflowRule;Case.Case handling level Assignment Notification to RO
WorkflowRule;Case.Case%3A Update Case Origin To BMBS CAC
WorkflowRule;Case.Case%3A Update Case Origin To Central CAC
WorkflowRule;Case.Case%3A Update Complaint Creator Department To Dealer
WorkflowRule;Case.Case%3A Update Complaint Creator Department To RO%2FCO
WorkflowRule;Case.Complaint Update Notification
WorkflowRule;Case.New Retail Campaign Case Notification for Dealer
WorkflowRule;Case.Notification to new User When add attachment
WorkflowRule;Case.Send Email to Gate Keeper
WorkflowRule;Case.Send Email to Gate Keeper For Support Dealer1
WorkflowRule;Case.Send Email to Gate Keeper For Support Dealer2
WorkflowRule;Case.Send Email to Gate Keeper For Support Dealer3
WorkflowRule;Collaboration_Team__c.CollaborationTeam_SendEmailToMember
WorkflowRule;DM_Material__c.UpdateExternalId
WorkflowRule;DM_Request__c.UpdateDMRequestExternalId
WorkflowRule;Lead__c.Email notification when customer doesn%27t allow dealer contact
WorkflowRule;Lead__c.Email notification when interested vehicle have changed
WorkflowRule;Lead__c.Email notification when no status is updated more than 10 days
WorkflowRule;Lead__c.Email notification when no status is updated more than 5 days
WorkflowRule;Lead__c.Email notification when purchase time have changed
WorkflowRule;Lead__c.Leads fields update
WorkflowRule;Lead__c.Reassigned lead to Non-BDC
WorkflowRule;Lead__c.Set Lead Successful Call Number is 0
WorkflowRule;Lead__c.Set Lead Successful Call Number is 1
WorkflowRule;Lead__c.Social Media Leads Binding
WorkflowRule;Lead__c.Update Contact Failed For 3 Days Date Time
WorkflowRule;Lead__c.Update Dealer Aftersales Manager and Dealer Owner Email Field
WorkflowRule;Lead__c.Update First Contact Customer Date Time
WorkflowRule;Lead__c.Update Lead Qualified Date Time
WorkflowRule;Lead__c.Update Lost%28CAC%29 Date Time
WorkflowRule;Lead__c.Update Lost%28Dealer%29 Date Time
WorkflowRule;Lead__c.Update Order Placed Date Time
WorkflowRule;Lead__c.Update Purchased%28CAC%29 Date Time
WorkflowRule;Lead__c.Update Purchased%28Only Non BDC%29 Date Time
WorkflowRule;Lead__c.Update Status and Date time of BDC Dealer
WorkflowRule;Lead__c.Update Status and Date time of Non-BDC Dealer
WorkflowRule;Lead__c.Update Test Drive Date Time
WorkflowRule;Lead__c.Update Visited Showroom%28Only Non BDC%29 Date Time
WorkflowRule;Package_Item__c.Generate Unique Code
WorkflowRule;QC__c.Appeal QC
WorkflowRule;Retail_Campaign__c.Submit Date Updated
WorkflowRule;Task.Update Call Start%2FEnd Time
WorkflowRule;Vehicle_Relationship__c.Validate Vehicle Relationship
WorkflowAlert;Account.Dealer_Email_Notification_on_Amount_of_Assigned_Leads
WorkflowAlert;Batch_Job__c.Send_the_email_of_fail_reason_to_recipient
WorkflowAlert;Case.Case_handing_level_email_to_Notification
WorkflowAlert;Case.Case_need_to_be_handle_before_deadline
WorkflowAlert;Case.Complaint_Update_Notification
WorkflowAlert;Case.Email_to_Dealer_when_Retail_Campaign_Case_is_assigned
WorkflowAlert;Case.Send_Email_to_Gate_Keeper
WorkflowAlert;Case.Send_Email_to_Gate_Keeper_For_Support_Dealer1
WorkflowAlert;Case.Send_Email_to_Gate_Keeper_For_Support_Dealer2
WorkflowAlert;Case.Send_Email_to_Gate_Keeper_For_Support_Dealer3
WorkflowAlert;Collaboration_Team__c.Collaboration_Team_Send_Email_to_Member
WorkflowAlert;Lead__c.Email_notification_when_customer_doesn_t_allow_dealer_contact
WorkflowAlert;Lead__c.Email_notification_when_interested_vehicle_have_changed
WorkflowAlert;Lead__c.Email_notification_when_no_status_is_updated_more_than_10_days
WorkflowAlert;Lead__c.Email_notification_when_no_status_is_updated_more_than_5_days
WorkflowAlert;Lead__c.Email_notification_when_purchase_time_have_changed
WorkflowAlert;Lead__c.When_lead_fields_updated_by_dealer_leads_owner_will_receive_an_email_notificatio
WorkflowAlert;QC__c.Send_an_email_notification_to_user_when_the_calibration_record_is_changed_to_use
WorkflowAlert;QC__c.When_QC_has_the_Appeal_flag_check_send_an_email_to_QC_SV
Workflow;Account
Workflow;Account_Link__c
Workflow;App_Setting__c
Workflow;Asset
Workflow;Attribute__c
Workflow;Batch_Job__c
Workflow;Campaign
Workflow;CampaignMember
Workflow;Campaign_City__c
Workflow;Campaign_Lead__c
Workflow;Campaign_Offering__c
Workflow;Campaign_Package__c
Workflow;Campaign_Partner__c
Workflow;Campaign_history_log__c
Workflow;Car_Enquiry__c
Workflow;Car_Model_Attribute__c
Workflow;Car_Model__c
Workflow;Case
Workflow;Case_SubType_Mapping__c
Workflow;City__c
Workflow;Collaboration_Team__c
Workflow;Complaint_Description__c
Workflow;Complaint_Tracking__c
Workflow;Contact
Workflow;Contract
Workflow;DM_Material__c
Workflow;DM_Request__c
Workflow;DM_Stock_Flow__c
Workflow;DandBCompany
Workflow;Dealer_Offering__c
Workflow;DuplicateRecordItem
Workflow;DuplicateRecordSet
Workflow;EPA_Settings__c
Workflow;EP_Integration_URLS__c
Workflow;EP_Log_Interface__c
Workflow;Environment_Specific_Values__c
Workflow;EpAdapterUnitOfTransfer__c
Workflow;EpAdapterUnitOfWork__c
Workflow;Event
Workflow;External_Picklist__c
Workflow;Feeback_Day_Setting__c
Workflow;FeedItem
Workflow;Idea
Workflow;Integration_Picklist__c
Workflow;Lead
Workflow;Lead__c
Workflow;Macro
Workflow;MacroAction
Workflow;MacroInstruction
Workflow;MonthlyRule__c
Workflow;OB_Task_Handing__c
Workflow;Opportunity
Workflow;OpportunityLineItem
Workflow;Order
Workflow;OrderItem
Workflow;Organization
Workflow;Package_Item__c
Workflow;Participating_Dealer__c
Workflow;Picklist_Mapping__c
Workflow;Product2
Workflow;QC_Result_Tracking__c
Workflow;QC__c
Workflow;Recall__c
Workflow;Rejected_Duplicate_Log__c
Workflow;Retail_Campaign_Member__c
Workflow;Retail_Campaign__c
Workflow;Retail_Task__c
Workflow;SMSReplyHistory__c
Workflow;SMS_Batch__c
Workflow;SMS_Code__c
Workflow;SMS__c
Workflow;SR_History__c
Workflow;SSI_Cleansing_Result__c
Workflow;SSI__c
Workflow;Settlement_Management__c
Workflow;Site
Workflow;SocialPersona
Workflow;Solution
Workflow;StreamingChannel
Workflow;SurveyQuestionResponse__c
Workflow;SurveyTaker__c
Workflow;Survey_Question__c
Workflow;Survey__c
Workflow;TSP_Subscription__c
Workflow;Task
Workflow;Template__c
Workflow;Tool_Kit__c
Workflow;Trigger_Status__c
Workflow;User
Workflow;UserLicense
Workflow;Vehicle_Relationship__c
Workflow;Vehicle__c
WorkflowTask;Retail_Campaign__c.Please_note_that_your_Application_of_Campaign_has_been_Approved_by_Region
WorkflowTask;Retail_Campaign__c.Please_note_that_your_Application_of_Campaign_has_been_Rejected_by_Region
WorkflowTask;Retail_Campaign__c.Please_note_that_your_Application_of_Yearly_TA_has_been_Approved_by_Region
WorkflowTask;Retail_Campaign__c.Please_note_that_your_Application_of_Yearly_TA_has_been_Rejected_by_Region
WorkflowTask;Retail_Campaign__c.Please_note_that_your_cancel_Application_of_Campaign_has_been_Approved_by_Region
WorkflowTask;Retail_Campaign__c.Please_note_that_your_cancel_Application_of_Campaign_has_been_Rejected_by_Region
WorkflowTask;Retail_Campaign__c.Please_note_that_your_feedback_Application_of_Campaign_has_been_Approved_by_Regi
WorkflowTask;Retail_Campaign__c.Please_note_that_your_feedback_Application_of_Campaign_has_been_Rejected_by_Regi
WorkflowTask;Tool_Kit__c.Please_note_that_your_Application_of_Tool_Kit_has_been_Approved_by_Region
WorkflowTask;Tool_Kit__c.Please_note_that_your_Application_of_Tool_Kit_has_been_Rejected_by_Region
WorkflowTask;Tool_Kit__c.Please_note_that_your_cancel_Application_of_Tool_Kit_has_been_Approved_by_Region
WorkflowTask;Tool_Kit__c.Please_note_that_your_cancel_Application_of_Tool_Kit_has_been_Rejected_by_Region
WorkflowTask;Tool_Kit__c.Please_note_that_your_feedback_Application_of_Tool_Kit_has_been_Approved_by_Regi
WorkflowTask;Tool_Kit__c.Please_note_that_your_feedback_Application_of_Tool_Kit_has_been_Rejected_by_Regi
AssignmentRule;Case.Standard
AssignmentRule;Lead.Standard
AssignmentRules;Case
AssignmentRules;Lead
AutoResponseRules;Case
AutoResponseRules;Lead
EscalationRules;Case
EscalationRule;Case.Standard
ApprovalProcess;Retail_Campaign__c.RetailCampaign_Feedback_Approval_Process
ApprovalProcess;Retail_Campaign__c.Retail_Campaign_Approval_Process
ApprovalProcess;Retail_Campaign__c.Retail_Campaign_Cancel_Process
ApprovalProcess;Retail_Campaign__c.Yearly_TA_Approval_Process
ApprovalProcess;Tool_Kit__c.Tool_Kit_Approval_Process
ApprovalProcess;Tool_Kit__c.Tool_Kit_Cancel_Process
ApprovalProcess;Tool_Kit__c.Tool_Kit_Feedback_Approval_Process
HomePageComponent;Mass Approval
HomePageComponent;PortalUserHomePage
HomePageLayout;DefaultHomePage
HomePageLayout;PortalUserHomePage
HomePageLayout;RegionHomePage
CustomObjectTranslation;Account_Link__c-en_US
CustomObjectTranslation;App_Setting__c-en_US
CustomObjectTranslation;Attribute__c-en_US
CustomObjectTranslation;Batch_Job__c-en_US
CustomObjectTranslation;Campaign_City__c-en_US
CustomObjectTranslation;Campaign_Lead__c-en_US
CustomObjectTranslation;Campaign_Offering__c-en_US
CustomObjectTranslation;Campaign_Package__c-en_US
CustomObjectTranslation;Campaign_Partner__c-en_US
CustomObjectTranslation;Campaign_history_log__c-en_US
CustomObjectTranslation;Car_Enquiry__c-en_US
CustomObjectTranslation;Car_Model_Attribute__c-en_US
CustomObjectTranslation;Car_Model__c-en_US
CustomObjectTranslation;Case_SubType_Mapping__c-en_US
CustomObjectTranslation;City__c-en_US
CustomObjectTranslation;Collaboration_Team__c-en_US
CustomObjectTranslation;Complaint_Description__c-en_US
CustomObjectTranslation;Complaint_Tracking__c-en_US
CustomObjectTranslation;DM_Material__c-en_US
CustomObjectTranslation;DM_Request__c-en_US
CustomObjectTranslation;DM_Stock_Flow__c-en_US
CustomObjectTranslation;Dealer_Offering__c-en_US
CustomObjectTranslation;EPA_Settings__c-en_US
CustomObjectTranslation;EP_Integration_URLS__c-en_US
CustomObjectTranslation;EP_Log_Interface__c-en_US
CustomObjectTranslation;Environment_Specific_Values__c-en_US
CustomObjectTranslation;EpAdapterUnitOfTransfer__c-en_US
CustomObjectTranslation;EpAdapterUnitOfWork__c-en_US
CustomObjectTranslation;External_Picklist__c-en_US
CustomObjectTranslation;Feeback_Day_Setting__c-en_US
CustomObjectTranslation;Integration_Picklist__c-en_US
CustomObjectTranslation;Lead__c-en_US
CustomObjectTranslation;MonthlyRule__c-en_US
CustomObjectTranslation;OB_Task_Handing__c-en_US
CustomObjectTranslation;Package_Item__c-en_US
CustomObjectTranslation;Participating_Dealer__c-en_US
CustomObjectTranslation;Picklist_Mapping__c-en_US
CustomObjectTranslation;QC_Result_Tracking__c-en_US
CustomObjectTranslation;QC__c-en_US
CustomObjectTranslation;Recall__c-en_US
CustomObjectTranslation;Rejected_Duplicate_Log__c-en_US
CustomObjectTranslation;Retail_Campaign_Member__c-en_US
CustomObjectTranslation;Retail_Campaign__c-en_US
CustomObjectTranslation;Retail_Task__c-en_US
CustomObjectTranslation;SMSReplyHistory__c-en_US
CustomObjectTranslation;SMS_Batch__c-en_US
CustomObjectTranslation;SMS_Code__c-en_US
CustomObjectTranslation;SMS__c-en_US
CustomObjectTranslation;SR_History__c-en_US
CustomObjectTranslation;SSI_Cleansing_Result__c-en_US
CustomObjectTranslation;SSI__c-en_US
CustomObjectTranslation;Settlement_Management__c-en_US
CustomObjectTranslation;SurveyQuestionResponse__c-en_US
CustomObjectTranslation;SurveyTaker__c-en_US
CustomObjectTranslation;Survey_Question__c-en_US
CustomObjectTranslation;Survey__c-en_US
CustomObjectTranslation;TSP_Subscription__c-en_US
CustomObjectTranslation;Template__c-en_US
CustomObjectTranslation;Tool_Kit__c-en_US
CustomObjectTranslation;Trigger_Status__c-en_US
CustomObjectTranslation;Vehicle_Relationship__c-en_US
CustomObjectTranslation;Vehicle__c-en_US
ApexClass;AccountHelper
ApexClass;AccountHelperTest
ApexClass;AccountLinkHelper
ApexClass;AccountLinkSharingTest
ApexClass;AccountLinkSharingWrapService
ApexClass;AccountSharingDataHandler
ApexClass;AddToRetailCampaignController
ApexClass;AddToRetailCampaignControllerTet
ApexClass;AssignCaseToDealerController
ApexClass;AssignCaseToDealerControllerTest
ApexClass;AtomicMultipleUowExecutor
ApexClass;AtomicSingleUowExecutor
ApexClass;AvatoHelper
ApexClass;BaseEpaController
ApexClass;BaseUowExecutor
ApexClass;BatchAssignTasks
ApexClass;BatchAssignTasksTest
ApexClass;BatchCalcAmountOfAssignedLeads
ApexClass;BatchCreateDealerOBEmails
ApexClass;BatchJobHelper
ApexClass;BatchJobHelperTest
ApexClass;BatchUpdateRecords
ApexClass;BatchUpdateRecordsTest
ApexClass;BtlAdditionalInfo
ApexClass;BtlAdditionalInfoTest
ApexClass;BtlError
ApexClass;BtlErrorTest
ApexClass;BtlStep
ApexClass;BtlTransaction
ApexClass;BtlTransactionTest
ApexClass;CACFieldsExtension
ApexClass;CACFieldsExtensionTest
ApexClass;CMap
ApexClass;CMapTest
ApexClass;CPCalController
ApexClass;CSRLookupController
ApexClass;CSRLookupControllerTest
ApexClass;CampaignHelper
ApexClass;CampaignHelperTest
ApexClass;CampaignHistoryLog_TestClass
ApexClass;CampaignOfferingHelper
ApexClass;CampaignPackageHelper
ApexClass;CaseEscalationController
ApexClass;CaseEscalationControllerTest
ApexClass;CaseHelper
ApexClass;CaseHelperTest
ApexClass;ChangePasswordController
ApexClass;ChangePasswordControllerTest
ApexClass;CommunitiesLandingController
ApexClass;CommunitiesLandingControllerTest
ApexClass;CommunitiesLoginController
ApexClass;CommunitiesLoginControllerTest
ApexClass;CommunitiesSelfRegConfirmController
ApexClass;CommunitiesSelfRegConfirmControllerTest
ApexClass;CommunitiesSelfRegController
ApexClass;CommunitiesSelfRegControllerTest
ApexClass;ComplaintDesHelper
ApexClass;ComplaintDesHelperTest
ApexClass;ComplaintDescriptionController
ApexClass;ComplaintDescriptionControllerTest
ApexClass;CompoundMultiTypeUowExecutor
ApexClass;CompoundSameTypeUowExecutor
ApexClass;ContactHelper
ApexClass;ContactHelperTest
ApexClass;CpCallControllerClass_Test
ApexClass;DMControllerExtension
ApexClass;DMControllerExtensionTest
ApexClass;DMRequestTriggerHandler
ApexClass;DMRequestTriggerHandlerTest
ApexClass;DealerSearchController
ApexClass;DealerSearchControllerTest
ApexClass;DeploymentUtil
ApexClass;DeploymentUtilTest
ApexClass;Entity
ApexClass;EpaAdminCommand
ApexClass;EpaAdminCommandController
ApexClass;EpaAdminCommandControllerTest
ApexClass;EpaAdminCommandWebService
ApexClass;EpaAdminCommandWebServiceTest
ApexClass;EpaApplicationInfoWebservice
ApexClass;EpaApplicationInfoWebserviceTest
ApexClass;EpaBusinessTransactionLogController
ApexClass;EpaBusinessTransactionLogControllerTest
ApexClass;EpaBusinessTransactionLogWebService
ApexClass;EpaBusinessTransactionLogWebServiceTest
ApexClass;EpaResourceConsumptionController
ApexClass;EpaSystemStatusController
ApexClass;EpaThreadInfoWebService
ApexClass;EpaThreadInfoWebServiceTest
ApexClass;Error
ApexClass;Field
ApexClass;ForgotPasswordController
ApexClass;ForgotPasswordControllerTest
ApexClass;GenericCSVLoaderController
ApexClass;GenericCSVLoaderControllerTest
ApexClass;HistoryRespondController
ApexClass;HistoryRespondControllerTest
ApexClass;IllegalArgumentException
ApexClass;LeadConvertingController
ApexClass;LeadConvertingControllerTest
ApexClass;LeadHelper
ApexClass;LeadHelperTest
ApexClass;LeadSharingTest
ApexClass;LeadSharingWrapService
ApexClass;MassApproveRetailCampaignController
ApexClass;MassApproveRetailCampaignControllerTest
ApexClass;MassApproveToolKitController
ApexClass;MassApproveToolKitControllerTest
ApexClass;MassAssignRecallTasksControllerExtension
ApexClass;MassAssignRecallTasksTest
ApexClass;MetadataService
ApexClass;MetadataServiceTest
ApexClass;MisunderstoodTaskGeneration
ApexClass;MisunderstoodTaskGenerationTest
ApexClass;MonthlyMarketAmountReportController
ApexClass;MonthlyMarketAmountReportControllerTest
ApexClass;MyProcess
ApexClass;MyProcessTest
ApexClass;MyProfilePageController
ApexClass;MyProfilePageControllerTest
ApexClass;NewVehicleRelationshipController
ApexClass;NewVehicleRelationshipControllerTest
ApexClass;NiceWebServices
ApexClass;Operation
ApexClass;OperationResult
ApexClass;OperationTest
ApexClass;Paginator
ApexClass;ParticipatingDealerHelper
ApexClass;PicklistMappingHelper
ApexClass;PicklistMappingHelperTest
ApexClass;QCHelper
ApexClass;QCHelperTest
ApexClass;RecallHelper
ApexClass;RecallHelperTest
ApexClass;ReservationMessageTemplate
ApexClass;RetailCampaignCalendarController
ApexClass;RetailCampaignCalendarControllerTest
ApexClass;RetailCampaignHelper
ApexClass;RetailCampaignMemberHelper
ApexClass;RetailCampaignSegmentationController
ApexClass;RetailCampaignSegmentationControllerTest
ApexClass;RetailCampaignSharingTest
ApexClass;RetailCampaignSharingWrapService
ApexClass;RetailTaskSharingTest
ApexClass;RetailTaskSharingWrapService
ApexClass;RuishiWebService
ApexClass;SMSControllerExtension
ApexClass;SMSControllerExtensionTest
ApexClass;SMSReplyHistoryHelper
ApexClass;SMSReplyHistoryHelperTest
ApexClass;SMSSendLeadResultExtension
ApexClass;SMSSendLeadResultExtensionTest
ApexClass;SSIBatchCalculateResult
ApexClass;SSIBatchDealerCheck
ApexClass;SSIBatchGenerateWelcomeCall
ApexClass;SSIBatchGenerateWelcomeCallTest
ApexClass;SSIBatchRestRuleCheck
ApexClass;SSIBatchVinMatch
ApexClass;SSIDataClean
ApexClass;SSIDataCleanTest
ApexClass;SSIDataCleansingSnapshot
ApexClass;SSINewComplaintController
ApexClass;SSINewComplaintControllerTest
ApexClass;SSIScheduleWelcomeCallEscalation
ApexClass;SSITriggerHandler
ApexClass;SSITriggerHandlerTest
ApexClass;SSIVINMatchProcess
ApexClass;ScheduleCalcAmountOfAssignedLeads
ApexClass;ScheduleCalcAmountOfAssignedLeadsTest
ApexClass;ScheduleCreateConversionRateOBEmails
ApexClass;ScheduleCreateConversionRateOBEmailsTest
ApexClass;ScheduleCreateMonthlyDealerOBEmails
ApexClass;ScheduleCreateMonthlyDealerOBEmailsTest
ApexClass;ScheduleCreateMonthlyRegionOBEmails
ApexClass;ScheduleCreateMonthlyRegionOBEmailsTest
ApexClass;ScheduleCreateWeeklyDealerOBEmails
ApexClass;ScheduleCreateWeeklyDealerOBEmailsTest
ApexClass;ScheduleCreateWeeklyRegionOBEmails
ApexClass;ScheduleCreateWeeklyRegionOBEmailsTest
ApexClass;ScheduledCreationTaskToDealers
ApexClass;ScheduledCreationTaskToDealersTest
ApexClass;ScheduledDeleteTaskToDealers
ApexClass;ScheduledDeleteTaskToDealersTest
ApexClass;ScheduledUpdateCommunityUsers
ApexClass;ScheduledUpdateCommunityUsersTest
ApexClass;SelectAssignedDealerController
ApexClass;SelectAssignedDealerControllerTest
ApexClass;SettlementHelper
ApexClass;SettlementHelperTest
ApexClass;ShareDataToNewUserBatch
ApexClass;SharingDataHandlerBase
ApexClass;SharingDataHandlerBaseTest
ApexClass;SharingService
ApexClass;SharingWrapper
ApexClass;SharingWrapperService
ApexClass;SiteLoginController
ApexClass;SiteLoginControllerTest
ApexClass;SiteRegisterController
ApexClass;SiteRegisterControllerTest
ApexClass;SlickCtiController
ApexClass;SlickCtiObjectHelper
ApexClass;SoqlUowExecutor
ApexClass;TaskDeletingController
ApexClass;TaskDeletingControllerTest
ApexClass;TaskFailBlacklistTrigger_TestClass
ApexClass;TaskHelper
ApexClass;TaskHelperTest
ApexClass;TaskMassChangeOwner
ApexClass;TaskMassChangeOwnerTest
ApexClass;TaskSMSControllerExtension
ApexClass;TaskSMSControllerExtensionTest
ApexClass;TaskTriggerHandler
ApexClass;TaskTriggerHandlerTest
ApexClass;TookKitSharingTest
ApexClass;TookKitSharingWrapService
ApexClass;ToolKitSelectContentController
ApexClass;ToolKitSelectContentControllerTest
ApexClass;ToolKitTriggerHelper
ApexClass;TriggerAccountTest
ApexClass;TriggerCampaignCity_TestClass
ApexClass;TriggerCampaignLeadTest
ApexClass;TriggerCampaignMembers_TestClass
ApexClass;TriggerCaseTest
ApexClass;TriggerLeadTest
ApexClass;TriggerPD_TestClass
ApexClass;TriggerPackageItem_TestClass
ApexClass;TriggerRetailCampaignTest
ApexClass;TriggerTaskTest
ApexClass;TriggerVehicleRelationshipTest
ApexClass;UnitOfTransferAlreadyReceivedException
ApexClass;UnitOfTransferResponse
ApexClass;UnitOfWork
ApexClass;UnitOfWorkResponse
ApexClass;UnitOfWorkStatus
ApexClass;UnitOfWorkType
ApexClass;UotReceiver
ApexClass;UotReceiverDeleteTest
ApexClass;UotReceiverInsertTest
ApexClass;UotReceiverQueryTest
ApexClass;UotReceiverTest
ApexClass;UotReceiverUpdateTest
ApexClass;UotReceiverUpsertTest
ApexClass;UotRestReceiver
ApexClass;UotRestReceiverTest
ApexClass;UowDecompiler
ApexClass;UowDecompilerTest
ApexClass;UserHelper
ApexClass;UserHelperTest
ApexClass;UserLookupResultController
ApexClass;UserLookupResultControllerTest
ApexClass;UserService
ApexClass;UserTriggerCallout
ApexClass;UserTriggerCalloutTest
ApexClass;UtilAccount
ApexClass;UtilCampaignCity
ApexClass;UtilCampaignLead
ApexClass;UtilCampaignShareByCollaboration
ApexClass;UtilCampaignTaskGenerationByAccount
ApexClass;UtilCampaignTaskGenerationByAccountTest
ApexClass;UtilCampaignTaskGenerationByCase
ApexClass;UtilCampaignTaskGenerationByCaseTest
ApexClass;UtilCampaignTaskGenerationByLeads
ApexClass;UtilCampaignTaskGenerationByLeadsTest
ApexClass;UtilCampaignTaskGenerationByVehicle
ApexClass;UtilCampaignTaskGenerationByVehicleTest
ApexClass;UtilCase
ApexClass;UtilConstant
ApexClass;UtilCustomSettings
ApexClass;UtilDealerOffering
ApexClass;UtilLead
ApexClass;UtilLeadEmailEscalation
ApexClass;UtilLeadEmailEscalationTest
ApexClass;UtilRecordType
ApexClass;UtilRecordTypeTest
ApexClass;UtilSobject
ApexClass;UtilTask
ApexClass;UtilTestData
ApexClass;UtilVehicleRelationship
ApexClass;VehicleDataSharingHandler
ApexClass;VehicleRelLookingController
ApexClass;VehicleRelLookingControllerTest
ApexClass;VehicleRelationshipHelper
ApexClass;VehicleRelationshipHelperTest
ApexClass;VehicleRelationshipSharingTest
ApexClass;VehicleRelationshipSharingWrapService
ApexClass;VehicleSharingTest
ApexClass;VehicleSharingWrapService
ApexClass;ViewTaskController
ApexClass;ViewTaskControllerTest
ApexClass;ViewVoiceRecordingController
ApexClass;ViewVoiceRecordingControllerTest
ApexClass;VinMatchController
ApexClass;VinMatchControllerTest
ApexClass;YearlyTAAchieTracingController
ApexClass;YearlyTAAchieTracingControllerTest
ApexClass;YearlyTAReportController
ApexClass;YearlyTAReportControllerTest
ApexClass;YearlyTargetController
ApexClass;YearlyTargetControllerTest
ApexClass;campaignHistoryLogGeneration
ApexTrigger;AttachmentAfter
ApexTrigger;CampaignMemberAfterTrigger
ApexTrigger;CaseTrigger
ApexTrigger;ContactTrigger
ApexTrigger;RecallAfterInsertUpdate
ApexTrigger;RetailCampaignTrigger
ApexTrigger;SSITrigger
ApexTrigger;ShareAccountLinksToDealer
ApexTrigger;ShareCampaignByClooaboration
ApexTrigger;TaskTrigger
ApexTrigger;ToolKitTrigger
ApexTrigger;TriggerAccount
ApexTrigger;TriggerBatchJob
ApexTrigger;TriggerCampaign
ApexTrigger;TriggerCampaignCity
ApexTrigger;TriggerCampaignLead
ApexTrigger;TriggerCampaignMembers
ApexTrigger;TriggerCampaignOffering
ApexTrigger;TriggerCampaignPackage
ApexTrigger;TriggerCase
ApexTrigger;TriggerComplaintDescription
ApexTrigger;TriggerDMRequest
ApexTrigger;TriggerIntegrationPicklist
ApexTrigger;TriggerLead
ApexTrigger;TriggerPackageItem
ApexTrigger;TriggerParticipatingDealer
ApexTrigger;TriggerPicklistMapping
ApexTrigger;TriggerQC
ApexTrigger;TriggerRecall
ApexTrigger;TriggerRetailCampaignMember
ApexTrigger;TriggerRetailTask
ApexTrigger;TriggerSMSReplyHistory
ApexTrigger;TriggerSettlementManagement
ApexTrigger;TriggerVehicleRelationship
ApexTrigger;UserTrigger
Profile;Admin
Profile;Authenticated Website
Profile;CAC Data Manager
Profile;CAC IB CSR
Profile;CAC IB QC
Profile;CAC IB TL
Profile;CAC OB CSR
Profile;CAC OB QC
Profile;CAC OB TL
Profile;CAC QC SV%2FTQM
Profile;CAC SSI CSR
Profile;CAC SSI QC
Profile;CAC SSI SV
Profile;CAC SSI TL
Profile;CAC SSI Trainer
Profile;Central AS CRM Director
Profile;Central AS Marketing Manager
Profile;Central CRM Manager
Profile;Central PL%2FWL Manager
Profile;Central S%26M Marketing Manager
Profile;Chatter External User
Profile;Chatter Free User
Profile;Chatter Moderator User
Profile;Chatter Only User
Profile;ContractManager
Profile;Cross Org Data Proxy User
Profile;Custom%3A Marketing Profile
Profile;Custom%3A Sales Profile
Profile;Custom%3A Support Profile
Profile;Customer Community Login User
Profile;Customer Community Plus Login User
Profile;Customer Community Plus User
Profile;Customer Community User
Profile;Customer Portal Manager Custom
Profile;Customer Portal Manager Standard
Profile;CustomerManager
Profile;DaimlerKernelCommunity Profile
Profile;Dealer Community User
Profile;Dealer Delegate Admin
Profile;External Identity User
Profile;External Marketing User
Profile;Force%2Ecom - App Subscription User
Profile;Force%2Ecom - Free User
Profile;Gold Partner User
Profile;Guest
Profile;High Volume Customer Portal User
Profile;HighVolumePortal
Profile;Identity User
Profile;IntegrationAPI
Profile;MarketingProfile
Profile;Overage Customer Portal Manager Custom
Profile;Overage Customer Portal Manager Standard
Profile;Overage High Volume Customer Portal User
Profile;Partner
Profile;Partner App Subscription User
Profile;Partner Community Login User
Profile;Partner Community User
Profile;PlatformPortal
Profile;ReadOnly
Profile;Regional AS DM%2FCoordinator%2FDirector
Profile;Regional CRM Manager
Profile;Regional S%26M Manager
Profile;ServiceCloud
Profile;Silver Partner User
Profile;SolutionManager
Profile;Standard
Profile;StandardAul
Profile;Work%2Ecom Only User
PermissionSet;AS_Retail_Campaign
PermissionSet;AS_Yearly_TA
PermissionSet;Complaint_Management
PermissionSet;Dealer_Report
PermissionSet;Delete_Case_Authorization
PermissionSet;Delete_Case_Authorization_V2
PermissionSet;Enable_Knowlege_one
PermissionSet;Info_Center
PermissionSet;Leads_Management
PermissionSet;ND_System_Process_Manager
PermissionSet;Regional_Info_Data_Manager
PermissionSet;SSI_Sales_Process_Dealer_Standard_Manager
PermissionSet;S_M_Retail_Campaign
PermissionSet;S_M_Yearly_TA
PermissionSet;Segmentation_execution_Retail_Lead
PermissionSet;Share_Case_to_CAC_Customer_Care_Team
PermissionSet;Share_Case_to_YangBin
PermissionSet;Smart_Operation_Team_user
PermissionSet;Star_Elite_Used_Car_Operation
PermissionSet;Tool_Kit
RemoteSiteSetting;EP_Integration_Endpoint
MatchingRules;Account
MatchingRules;Contact
MatchingRules;Lead
MatchingRule;Account.Standard_Account_Match_Rule_v1_0
MatchingRule;Contact.Standard_Contact_Match_Rule_v1_1
MatchingRule;Lead.Standard_Lead_Match_Rule_v1_0
CustomSite;DaimlerKernelCommunity
SharingCriteriaRule;Account.External_Agency_View_Dealers
SharingCriteriaRule;Account.Share_Dealer_To_Regional_Office
SharingCriteriaRule;Account.Share_RW_to_data_specialist
SharingCriteriaRule;Account.Share_R_W_with_CAC_users
SharingCriteriaRule;Account.Share_ReadOnly_with_CAC_users
SharingCriteriaRule;Account.Share_ReadOnly_with_Central_Aftersales
SharingCriteriaRule;Account.Share_ReadOnly_with_Central_S_M
SharingCriteriaRule;Account.Share_ReadOnly_with_Public_Relation
SharingCriteriaRule;Account.Share_ReadOnly_with_Regional_CRM_Manager
SharingCriteriaRule;Account.Share_company_Read_Only
SharingCriteriaRule;Account.Share_company_Read_Only1
SharingCriteriaRule;Account.Share_company_Read_Only2
SharingCriteriaRule;Account.Share_read_with_all_Central
SharingCriteriaRule;Account.VIP_CUSTOMER_Share_with_RW
SharingCriteriaRule;Account.VIP_PA_share_with_Central_CRM_Manager
SharingCriteriaRule;Account_Link__c.Share_Account_Link_to_Call_Center
SharingCriteriaRule;Campaign.CAC_CRM_Campaign_Share_with_CAC
SharingCriteriaRule;Campaign.CAC_CRM_share_to_CRM_Manager_CAC_Data_Mgt
SharingCriteriaRule;Campaign.CAS_Marketing_Campaign_Share_with_CAC
SharingCriteriaRule;Campaign.CMP_Confirmed_Status_Share_with_CAC_Data_CRM_Manager
SharingCriteriaRule;Campaign.CMP_Confirmed_Status_Share_with_Central_After_Sales
SharingCriteriaRule;Campaign.CMP_Confirmed_Status_Share_with_Sales_Marketing
SharingCriteriaRule;Campaign.Campaign_Execution_Share_to_CAC
SharingCriteriaRule;Campaign.Campaign_Share_with_Data_Service_Specialist
SharingCriteriaRule;Campaign.Central_Campaign_share_to_CAC
SharingCriteriaRule;Campaign.Share_AS_Campaign_with_Region_E
SharingCriteriaRule;Campaign.Share_AS_Campaign_with_Region_N
SharingCriteriaRule;Campaign.Share_AS_Campaign_with_Region_S
SharingCriteriaRule;Campaign.Share_AS_Campaign_with_Region_W
SharingCriteriaRule;Campaign.Share_AS_Campaign_with_Retail_AS_Marketing
SharingCriteriaRule;Campaign.Share_Published_MB_BP_with_Central
SharingCriteriaRule;Campaign.Share_Published_MB_BP_with_Central_AS
SharingCriteriaRule;Campaign.Share_Published_MB_BP_with_Region
SharingCriteriaRule;Campaign.Share_S_M_Campaign_with_CRM_Mgr
SharingCriteriaRule;Campaign.Share_S_M_Campaign_with_Region_N
SharingCriteriaRule;Campaign.Share_S_M_Campaign_with_Region_S
SharingCriteriaRule;Campaign.Share_S_M_Campaign_with_Region_W
SharingCriteriaRule;Campaign.Share_S_M_Event_Central_Campaign_to_Call_Center
SharingCriteriaRule;Campaign.Share_S_M_with_Region_E
SharingCriteriaRule;Campaign.Share_with_CAC_Data_Service_Mgr
SharingCriteriaRule;Case.CAC_Complaint_share_to_Hanxue
SharingCriteriaRule;Case.CAC_Inquiry_share_to_Hanxue
SharingCriteriaRule;Case.ComplaintShareCentralOffice
SharingCriteriaRule;Case.ComplaintShareCentralPLWL
SharingCriteriaRule;Case.ComplaintShareEast
SharingCriteriaRule;Case.ComplaintShareNorth
SharingCriteriaRule;Case.ComplaintShareSouth
SharingCriteriaRule;Case.ComplaintShareWest
SharingCriteriaRule;Case.Inquiry_case_is_shared_with_CAC_with_RW
SharingCriteriaRule;Case.MBDA_CASE
SharingCriteriaRule;Case.Share_Central_East_Case_to_Regional
SharingCriteriaRule;Case.Share_Central_North_Case_to_Regional
SharingCriteriaRule;Case.Share_Central_South_Case_to_Regional
SharingCriteriaRule;Case.Share_Central_West_Case_to_Regional
SharingCriteriaRule;Case.Share_Non_Dealer_Case_to_CAC_with_readwrite
SharingCriteriaRule;Case.Share_RO_CO_Cases_to_Central
SharingCriteriaRule;Lead__c.Soft_Deleted_Cannot_View_By_CAC
SharingCriteriaRule;QC__c.Share_RW_with_IB_TL
SharingCriteriaRule;QC__c.Share_RW_with_OB_TL
SharingCriteriaRule;QC__c.Share_RW_with_SSI_TL
SharingCriteriaRule;QC__c.Share_SSI_QC_with_RW_to_SSI_TL_and_above
SharingCriteriaRule;Retail_Campaign__c.Share_AS_Retail_Campaign_to_Central
SharingCriteriaRule;Retail_Campaign__c.Share_AS_Retail_Campaign_to_Regional_E
SharingCriteriaRule;Retail_Campaign__c.Share_AS_Retail_Campaign_to_Regional_N
SharingCriteriaRule;Retail_Campaign__c.Share_AS_Retail_Campaign_to_Regional_S
SharingCriteriaRule;Retail_Campaign__c.Share_AS_Retail_Campaign_to_Regional_W
SharingCriteriaRule;Retail_Campaign__c.Share_Approved_S_M_Campaign_CAC
SharingCriteriaRule;Retail_Campaign__c.Share_BP_with_Central
SharingCriteriaRule;Retail_Campaign__c.Share_BP_with_Central_AS
SharingCriteriaRule;Retail_Campaign__c.Share_BP_with_Central_Central_Sales
SharingCriteriaRule;Retail_Campaign__c.Share_BP_with_Region_E
SharingCriteriaRule;Retail_Campaign__c.Share_BP_with_Region_N
SharingCriteriaRule;Retail_Campaign__c.Share_BP_with_Region_S
SharingCriteriaRule;Retail_Campaign__c.Share_BP_with_Region_W
SharingCriteriaRule;Retail_Campaign__c.Share_Final_BP_with_Central
SharingCriteriaRule;Retail_Campaign__c.Share_Final_BP_with_Central_AS
SharingCriteriaRule;Retail_Campaign__c.Share_Final_BP_with_Region_E
SharingCriteriaRule;Retail_Campaign__c.Share_Final_BP_with_Region_N
SharingCriteriaRule;Retail_Campaign__c.Share_Final_BP_with_Region_S
SharingCriteriaRule;Retail_Campaign__c.Share_Final_BP_with_Region_W
SharingCriteriaRule;Retail_Campaign__c.Share_S_M_Media_Event_Campaign_to_Central
SharingCriteriaRule;Retail_Campaign__c.Share_S_M_Media_Event_Campaign_to_Regional_E
SharingCriteriaRule;Retail_Campaign__c.Share_S_M_Media_Event_Campaign_to_Regional_N
SharingCriteriaRule;Retail_Campaign__c.Share_S_M_Media_Event_Campaign_to_Regional_S
SharingCriteriaRule;Retail_Campaign__c.Share_S_M_Media_Event_Campaign_to_Regional_W
SharingCriteriaRule;Retail_Campaign__c.Share_un_Planned_with_Central
SharingCriteriaRule;Retail_Campaign__c.Share_with_Regional_AS_Retail_Marketing_E
SharingCriteriaRule;Retail_Campaign__c.Share_with_Regional_AS_Retail_Marketing_N
SharingCriteriaRule;Retail_Campaign__c.Share_with_Regional_AS_Retail_Marketing_S
SharingCriteriaRule;Retail_Campaign__c.Share_with_Regional_AS_Retail_Marketing_W
SharingCriteriaRule;Retail_Campaign__c.Share_with_Regional_Retail_Marketing_E
SharingCriteriaRule;Retail_Campaign__c.Share_with_Regional_Retail_Marketing_N
SharingCriteriaRule;Retail_Campaign__c.Share_with_Regional_Retail_Marketing_S
SharingCriteriaRule;Retail_Campaign__c.Share_with_Regional_Retail_Marketing_W
SharingCriteriaRule;Retail_Campaign__c.Share_with_Retail_AS_Marketing_Assistant_Manage
SharingCriteriaRule;Retail_Task__c.Share_Contract_Service_with_Region
SharingCriteriaRule;Retail_Task__c.Share_Contract_and_Service_with_Central
SharingCriteriaRule;Retail_Task__c.Share_Read_Write_with_CAC_users
SharingCriteriaRule;Retail_Task__c.Share_readonly_retail_task_to_CAC
SharingCriteriaRule;Tool_Kit__c.Share_TK_with_Region_E
SharingCriteriaRule;Tool_Kit__c.Share_TK_with_Region_N
SharingCriteriaRule;Tool_Kit__c.Share_TK_with_Region_South
SharingCriteriaRule;Tool_Kit__c.Share_TK_with_Region_W
SharingCriteriaRule;Tool_Kit__c.Tool_Kit_Share_with_Central
SharingCriteriaRule;Vehicle_Relationship__c.Read_Write_of_Vehicle_to_CAC
SharingCriteriaRule;Vehicle_Relationship__c.Read_of_Vehicle_to_Central
SharingCriteriaRule;Vehicle_Relationship__c.soft_deleted_share_with_R_W_to_data_mgr
SharingCriteriaRule;Vehicle__c.READ_WRITE_for_Vehicle_to_CAC
SharingCriteriaRule;Vehicle__c.Read_of_Vehicle_to_Central
SharingCriteriaRule;Vehicle__c.soft_deleted_V_share_read_with_data_mgr
SharingOwnerRule;Campaign.Share_Campaign_to_AS_Region
SharingOwnerRule;Case.CAC_Case_share_to_Hanxue
SharingOwnerRule;Case.Central_PL_WL_user_share_to_Central_PL_WL_users
SharingOwnerRule;Case.Central_office_share_to_central
SharingOwnerRule;Case.Central_sees_Regional
SharingOwnerRule;Case.Central_sees_Regional_N
SharingOwnerRule;Case.Central_sees_Regional_S
SharingOwnerRule;Case.Central_sees_Regional_W
SharingOwnerRule;Case.Share_with_CAC_Data_CRM_with_R_only
SharingOwnerRule;DM_Material__c.Share_with_Data_Fulfillment_user_with_R_W
SharingOwnerRule;Lead__c.Share_Leads_with_CRM_Assist_Manager_CAC_Data_Mgt
SharingOwnerRule;Lead__c.Share_with_MBAFC
SharingOwnerRule;QC__c.QC_share_with_OB_CSR
SharingOwnerRule;SSI__c.OB_CSR_to_SSI_SV
SharingOwnerRule;SSI__c.SSI_SV_To_CRM_Manager_CAC_Data_Mgt
SharingOwnerRule;SSI__c.SSI_SV_To_QC_Supervisor
SharingOwnerRule;SSI__c.SSI_SV_To_SSI_SV
SharingOwnerRule;SSI__c.SSI_SV_To_SSI_TL
SharingOwnerRule;SSI__c.Share_R_with_data_manager
SharingOwnerRule;Template__c.Template_Share_With_Data_Team
SharingRules;Account
SharingRules;Account_Link__c
SharingRules;App_Setting__c
SharingRules;Asset
SharingRules;Attribute__c
SharingRules;Batch_Job__c
SharingRules;Campaign
SharingRules;Campaign_Partner__c
SharingRules;Campaign_history_log__c
SharingRules;Car_Model_Attribute__c
SharingRules;Car_Model__c
SharingRules;Case
SharingRules;Case_SubType_Mapping__c
SharingRules;City__c
SharingRules;Contact
SharingRules;DM_Material__c
SharingRules;DM_Request__c
SharingRules;EPA_Settings__c
SharingRules;EP_Integration_URLS__c
SharingRules;EP_Log_Interface__c
SharingRules;Environment_Specific_Values__c
SharingRules;EpAdapterUnitOfTransfer__c
SharingRules;Feeback_Day_Setting__c
SharingRules;Lead
SharingRules;Lead__c
SharingRules;MonthlyRule__c
SharingRules;OB_Task_Handing__c
SharingRules;Opportunity
SharingRules;Order
SharingRules;Picklist_Mapping__c
SharingRules;QC__c
SharingRules;Rejected_Duplicate_Log__c
SharingRules;Retail_Campaign__c
SharingRules;Retail_Task__c
SharingRules;SMSReplyHistory__c
SharingRules;SMS__c
SharingRules;SR_History__c
SharingRules;SSI_Cleansing_Result__c
SharingRules;SSI__c
SharingRules;SurveyTaker__c
SharingRules;Survey__c
SharingRules;TSP_Subscription__c
SharingRules;Template__c
SharingRules;Tool_Kit__c
SharingRules;Trigger_Status__c
SharingRules;User
SharingRules;Vehicle_Relationship__c
SharingRules;Vehicle__c
Community;Internal Community
CallCenter;SlickCTI
AppMenu;AppSwitcher
AppMenu;Salesforce1
SiteDotCom;DaimlerKernelCommunity1
Network;DaimlerKernelCommunity
ManagedTopics;DaimlerKernelCommunity
Settings;Account
Settings;Activities
Settings;Address
Settings;BusinessHours
Settings;Case
Settings;ChatterAnswers
Settings;Company
Settings;Contract
Settings;Entitlement
Settings;Forecasting
Settings;Ideas
Settings;Knowledge
Settings;LiveAgent
Settings;Mobile
Settings;Opportunity
Settings;Order
Settings;PersonalJourney
Settings;Product
Settings;Quote
Settings;Security
